"lama","baru"
"trannfer","transfer"
"sampe","sampai"
"ga","tidak"
"login","login"
"trs","terus"
"username","username"
"yaa","yaa"
"gimana","bagaimana"
"ta","ta"
"fitur","fitur"
"yg","yang"
"krn","karena"
"dimasukakan","dimasukkan"
"direspon","direspon"
"kga","tidak"
"voucher","voucher"
"gamenya","gamenya"
"asik","asik"
"skrg","sekarang"
"ribet","ribet"
"klo","kalau"
"mghubungi","menghubungi"
"customer","customer"
"servicenya","service"
"live","live"
"chatnya","chatnya"
"untk","untuk"
"brmasalah","bermasalah"
"lgsg","langsung"
"sy","saya"
"tp","tapi"
"sttus","status"
"history","history"
"hoax","hoax"
"tlp","telfon"
"nunggu","tunggu"
"ngga","tidak"
"chat","chat"
"cs","cs"
"admin","admin"
"dibukalapak","di bukalapak"
"tagihannyatapi","tagihannya"
"pelapakjadi","pelapak"
"bukadompet","bukadompet"
"nelpon","nelpon"
"call","call"
"center","center"
"emailtapi","email"
"spam","spam"
"tetep","tetap"
"kaga","tidak"
"mulu","mulu"
"dapet","dapat"
"sellernya","seller"
"gatau","tidak tahu"
"males","malas"
"uninstal","uninstall"
"update","update"
"freeze","freeze"
"melayangini","melayani"
"romadhon","romadhon"
"lohbuka","buka"
"gk","tidak"
"luututup","tertutup"
"ajamasa","mamasa"
"sudh","sudah"
"sblm","sebelum"
"kadaluarsamasa","kadaluarsa"
"batalkangoblok","batalkan"
"dancuk","danau"
"utk","untuk"
"tlng","tolong"
"tdk","tidak"
"tahanalasanya","tahanannya"
"dellleeeetttt","hapus"
"ribetsusahbuang","kesusahan"
"bget","banget"
"pdahal","padahal"
"sya","saya"
"pgiriman","pengiriman"
"cepetitu","cepat"
"dri","dari"
"respon","respon"
"copypastenya","copy paste"
"klau","kalau"
"lebich","lebih"
"lgi","lagi"
"lamabat","lambat"
"dgn","dengan"
"kredivo","kredivo"
"sudahvterpotong","terpotong"
"serv","seri"
"pd","pada"
"force","force"
"stopped","stopped"
"crash","crash"
"upgread","upgrade"
"stiap","setiap"
"ready","ready"
"kosongkalo","kosong"
"download","download"
"nginstal","install"
"pake","pakai"
"vpn","vpn"
"gabisa","tidak bisa"
"yaokelah","okelah"
"kurangin","kurangi"
"close","close"
"yaaa","yaaa"
"jgak","juga"
"log_out","logout"
"sndiri","sendiri"
"trims","terima kasih"
"lhomohon","mohon"
"kembangin","kembangkan"
"lg","lagi"
"bpjs","bpjs"
"kadaluarsa","kadaluarsa"
"nyampe","sampai"
"bnget","benget"
"seharihari","seharian"
"bri","bri"
"mastercard","mastercard"
"zonk","zonk"
"gimna","bagaimana"
"fiturnya","fiturnya"
"kalu","kalau"
"insha","insya"
"allah","allah"
"ongkir","ongkir"
"belitolonglah","tolong"
"inibiayanya","biayanya"
"madura","madura"
"tetatang","tentang"
"blanja","belanja"
"notifnya","notifnya"
"kadaluwarsa","kadaluarsa"
"sj","saja"
"jg","juga"
"benarbenar","benar"
"tgl","tanggal"
"may","may"
"basick","basic"
"sponge","sponge"
"earphon","earphone"
"telp","telpon"
"lainlain","lain"
"indomart","indomaret"
"lansung","langsung"
"memvayarnya","membayarnya"
"rincian","rincian"
"pengirimin","pengiriman"
"mengkomfirmasi","mengkonfirmasi"
"mencarikanmenggantikan","mencarikan menggantikan"
"tsb","tersebut"
"masul","masuk"
"tetapai","tetapi"
"unekunek","unek"
"sdh","susah"
"komfir","konfirmasi"
"sms","sms"
"khn","khn"
"internet","internet"
"mikir","mikir"
"komsumen","konsumen"
"ngomong","ngomong"
"ditanyain","ditanyain"
"sata","sata"
"bgt","banget"
"seller","seller"
"onlinenya","online"
"cincai","cincai"
"smoga","semoga"
"lbh","lebih"
"dlm","dalam"
"pningkatan","peningkatan"
"perbaikisaya","perbaikannya"
"harushapus","harus hapus"
"menggangu","menggangu"
"yaaahhh","yah"
"cod","cod"
"skarang","sekarang"
"like","like"
"double","double"
"adminnya","adminnya"
"hbis","habis"
"jt","juta"
"msih","masih"
"blm","belum"
"dpt","dapat"
"promo","promo"
"payahg","payah"
"uc","uc"
"gx","tidak"
"wifi","wifi"
"upload","upload"
"ngak","tidak"
"pemberitahuan","pemberitahuan"
"aneloo","analog"
"dtg","datang"
"dr","dari"
"rt","rt"
"rw","rw"
"tebet","tebet"
"ditrima","diterima"
"tpii","tapi"
"jne","jne"
"bantuanx","bantuan"
"tggal","tanggal"
"blum","belum"
"ktax","katanya"
"barangx","barang"
"knp","kenapa"
"lbih","lebih"
"memangx","memang"
"mw","mau"
"lagy","lagi"
"gmna","bagaimana"
"aj","aja"
"smpe","sampai"
"trima","terima"
"donk","dong"
"bukalpak","bukalapak"
"biyasa","biasa"
"pelayananya","pelayanannya"
"commerce","commerce"
"banking","banking"
"jugatapi","juga tapi"
"gw","gue"
"tulisa","tulisan"
"adain","adakan"
"dm","dm"
"instagram","instagram"
"jakarta","jakarta"
"ac","ac"
"perhatiin","perhatikan"
"woy","woy"
"pulsasetelah","pulsa setelah"
"tfr","transfer"
"nyoba","coba"
"upgrade","upgrade"
"blank","blank"
"bukalapakuang","bukalapak"
"nyangkut","nyangkut"
"nomer","nomer"
"tlpudah","telfon"
"lanjutsaya","lanjutnya"
"pduli","peduli"
"penggunaagar","penggunaaan"
"dipercayamau","dipercayakan"
"otp","otp"
"ajakenapa","kenapa"
"hilangorang","hilang"
"dipake","dipakai"
"hilangini","hilang"
"dipersulittolong","dipersulit"
"programer","programer"
"kaliankalian","kalian"
"gakbisa","tidak bisa"
"tambahin","tambahan"
"xjam","jam"
"trus","terus"
"progressnya","prosesnya"
"ko","kok"
"hey","hey"
"touchscreen","touchscreen"
"mito","mito"
"rp","rp"
"bldytinv","blasting"
"lemooottt","lemot"
"xiaomi","xiaomi"
"loading","loading"
"search","search"
"jdi","jadi"
"cemen","semen"
"trasaksi","transaksi"
"uanng","uang"
"udh","sudah"
"cancel","cancel"
"alfamart","alfamart"
"indomaret","indomaret"
"mkasih","terima kasih"
"sbelum","sebelum"
"cincay","cincay"
"gman","bagaimana"
"kk","kakak"
"ngk","tidak"
"custemer","customer"
"sekaliiii","sekali"
"googleee","google"
"bantuann","bantuan"
"nyaaa","nya"
"user","user"
"interface","interface"
"krg","kurang"
"friendly","friendly"
"experience","experience"
"sebelah","sebelah"
"evoucher","voucher"
"game","game"
"ilang","hilang"
"daaaaaaah","dah"
"arrrrrgh","arrgh"
"ajahh","aja"
"jd","jadi"
"lemot","lemot"
"dlu","dulu"
"bluntuk","untuk"
"ny","nya"
"donkmasa","donggala"
"jaktim","jaktim"
"rpmohon","mohon"
"perhatikanthanks","perhatikanlah"
"trnsfer","transfer"
"success","success"
"dipkai","dipakai"
"care","care"
"pelapakpengguna","antarpengguna"
"bermingguminggu","bersinggungan"
"garagara","karena"
"havent","havent"
"finished","finished"
"investigate","investigate"
"someone","someone"
"took","took"
"wallet","wallet"
"month","month"
"complaining","complaining"
"receive","receive"
"back","back"
"money","money"
"think","think"
"still","still"
"google","google"
"account","account"
"integration","integration"
"please","please"
"fix","fix"
"first","first"
"occur","occur"
"victims","victim"
"facebook","facebook"
"dg","dengan"
"penjualtanpa","penjual tanpa"
"pembelimerugikan","pembeli merugikan"
"trouble","trouble"
"website","website"
"harua","harus"
"beaya","biaya"
"ja","ja"
"dlunanti","dinanti"
"bs","bisa"
"tranfer","transfer"
"pakbu","paku"
"wktu","waktu"
"gamau","tidak mau"
"laogin","langin"
"errororderan","orderan"
"input","input"
"sdhtp","sudah tapi"
"penjualpadahal","penjual padahal"
"gimanauang","bagaimana uang"
"sydah","sudah"
"mnggu","minggu"
"looooh","contoh"
"skrang","sekarang"
"ajh","aja"
"masukin","masukkan"
"gantj","ganti"
"kodep","kode"
"baanget","banget"
"costumer","costumer"
"mahalkok","mahal"
"gagahkurg","gagah"
"kecilmau","kecil mau"
"ngiklanin","pengiklanan"
"bayarapa","bayaran"
"itulahpayah","itulah"
"adm","admin"
"bsa","bisa"
"tepar","tepat"
"sma","sma"
"trkesan","terkesan"
"tlg","tolong"
"prtimbangkan","pertimbangkan"
"fast","fast"
"response","response"
"plis","please"
"please","please"
"jgn","jangan"
"smpai","sampai"
"coomerce","commerce"
"buyerlah","buyer"
"buyer"," buyer"
"mnghidupkan","menghidupkan"
"gara","gara"
"diperpendekjd","diperpendek"
"amatharus","harus"
"shopping","shopping"
"time","time"
"byk","banyak"
"phone","phone"
"jelekkkkkkltmasih","jelek masih"
"tokopedia","tokoedia"
"dll","dll"
"mengecewakanmsak","mengecewakan"
"tpi","tapi"
"suru","suruh"
"byar","bayar"
"terusya","terus"
"cepet","cepat"
"kya","seperti"
"dudah","sudah"
"know","know"
"karna","karena"
"lamalama","lama"
"skun","akun"
"free","free"
"ongkirgk","ongkie"
"minrb","minta"
"rb","rb"
"apaapa","apa"
"komplen","complain"
"dear","dear"
"adminsetelah","admin setelah"
"loginnya","loginnya"
"kmaren","kemaarin"
"smpet","sempat"
"downlod","download"
"bukalapaksaya","bukalapak"
"bli","beli"
"celanayg","celana"
"kemauwantpi","kemauan tapi"
"gambardan","gambarkan"
"kecewadan","kecewakan"
"jga","juga"
"lngsung","langsung"
"nyari","cari"
"knpa","kenapa"
"dateng","datang"
"inimah","inilah"
"hape","handphone"
"hp","handphone"
"samsung","samsung"
"tab","tab"
"gb","gb"
"bnyak","banyak"
"bug","bug"
"dongkenapa","kenapa"
"password","password"
"hallo","hallo"
"contact","contact"
"feedbacknya","feedback"
"proud","proud"
"okgimana","bagaimana"
"kalok","kalau"
"dibuatin","dibuat"
"kusus","kasus"
"bekastambah","bertambah"
"cihuy","cihuy"
"webnya","webnya"
"kmrin","kemarin"
"perhatikn","perhatikan"
"bataskedaluwarsa","kadaluarsa"
"pengirimana","pengiriman"
"yahh","yah"
"pembayaransaya","pembayarannya"
"pelayananyadan","pelayananan"
"trnsfernya","transfernya"
"transfernyajangan","transfernya"
"bosssss","boss"
"job","job"
"varifikasi","verifikasi"
"divarifikasi","diverifikasi"
"atm","atm"
"sebaaall","sebal"
"hy","hai"
"sayatapi","saya tapi"
"sampenyesel","menyesal"
"ginitolong","ditolong"
"beliagar","beli agar"
"dupermudah","dipermudah"
"ngirim","mengirim"
"kitas","kita"
"cairin","cairkan"
"trakhir","terakhir"
"dwit","duit"
"mayan","lumayan"
"shopee","shopee"
"vouchernya","voucher"
"rbu","ribu"
"murahin","murahkan"
"smartphone","smartphone"
"stanby","standby"
"cept","cepat"
"trnsksi","transaksi"
"tracking","tracking"
"buyer","buyer"
"seller","seller"
"diinput","diinput"
"yth","yang terhormat"
"kembalu","kembali"
"dibntu","dibantu"
"respondnya","responsnya"
"tk","terima kasih"
"satunyasaya","satunaya"
"dikatakn","dikatakan"
"kamino","amino"
"blasginv","balas"
"nmadidik","mendidik"
"hery","hery"
"sulistiyono","sulistiyono"
"barangnnya","barangnya"
"terapin","terapi"
"lazada","lazada"
"berkalikali","berulang"
"kerjasamanya","kerjasamanya"
"ajuam","ajam"
"brg","barang"
"smp","smp"
"bener","benar"
"br","baru"
"kemarintapi","kemarin"
"kadaluarsasaya","kadaluarsanya"
"kalobukti","kalau bukti"
"jugatp","juga"
"responpayahuang","sepengetahuan"
"segitu","segitu"
"minsampe","sampai"
"nasinnyatolong","lainnyayang"
"halhal","hal"
"sensitifjangan","sensitifnya"
"duitkecewa","kecewa"
"appnya","aplikasi nya"
"terlog_out","terlog_out"
"tangepin","tanggapi"
"terconfirmasi","terkonfirmasi"
"sihh","sih"
"gitu","gitu"
"mb","mb"
"bugnya","bug"
"didaftarin","didaftarkan"
"appwasting","wasting"
"quota","quota"
"sdikit","sedikit"
"kmajuan","kemajuan"
"skrng","sekarang"
"jwab","jawab"
"srius","serius"
"block","block"
"skalian","kalian"
"kecewashrus","kecewa"
"bankd","bank"
"britahukan","beritahukan"
"sblum","sebelum"
"transaksibukan","transaksional"
"pmberitahuansehingga","pemberitahuannya"
"rektp","rekap"
"msk","masuk"
"lapakdan","lapak dan"
"tanggapipdahal","tanggapan"
"krm","karena"
"emailsangat","email"
"kadalwarsa","kadaluarsa"
"anjirr","anjir"
"selesaiudh","selesai"
"suport","support"
"responkerjanya","bekerjanya"
"leletkurang","lambat berkurang"
"pengaduannyaudh","pengaduannya"
"responnyajembut","responnya"
"ngubungin","hubungkan"
"complenan","komplain"
"makasih","makasih"
"nggk","tidak"
"ane","saya"
"nggak","tidak"
"ngapa","mengapa"
"ngapain","apa"
"tt","tt"
"worst","worst"
"trading","trading"
"ever","ever"
"pembayaranya","pembayarannya"
"gga","tidak"
"balikin","kembalikan"
"woyyy","woy"
"guee","gue"
"lu","lu"
"bankrut","bangkrut"
"berlaku","berlaku"
"baranggda","barangnya"
"konfrimasi","konfirmasi"
"pemberitahuannya","pemberitahuannya"
"bangke","bangka"
"redmi","redmi"
"knapa","kenapa"
"cht","chat"
"inviet","invite"
"transaksik","transaksi"
"sm","sama"
"hr","harus"
"ngerti","mengerti"
"nambah","tambah"
"profile","profile"
"unfortunately","unfortunately"
"device","device"
"asus","asus"
"zenfone","zebfone"
"max","max"
"zctl","zat"
"diinstaal","install"
"transver","transfer"
"terakir","terakhir"
"whatsp","whatsapp"
"fb","facebook"
"komen","komentar"
"tegaa","tegas"
"amel","apel"
"amalia","amalia"
"batalin","batalkan"
"plsa","pulsa"
"nmer","nomer"
"tu","itu"
"lengkapgak","lengkaplah"
"visa","visa"
"dibales","dibalas"
"apk","apk"
"servernya","server"
"token","token"
"tokennya","tokennya"
"nerima","terima"
"pon","pon"
"tulalit","tulalit"
"kompirmasi","konfirmasi"
"cmn","cuma"
"akhirx","akhir"
"kadarwasa","kadaluarsa"
"hmpir","hampir"
"ramadha","ramadhan"
"akn","akan"
"spy","supaya"
"gmn","bagaimana"
"pt","pt"
"sdah","sudah"
"truss","terus"
"brang","barang"
"kadarluarsa","kadaluarsa"
"tndak","tidak"
"diaminkami","diamankan"
"emal","email"
"penyelesainnya","penyelesaiannya"
"tz","tz"
"dibekuinsial","dibekukan"
"dahpromo","promo"
"bekuin","bekukan"
"kecewatolong","kecewa"
"pembayatan","pembayaran"
"jugasampai","juga"
"sayasekali","saya sekali"
"initolong","tolong"
"case","case"
"motomo","motor"
"mirror","mirror"
"pdhal","dapahal"
"responding","responden"
"dihp","di hp"
"android","android"
"oktacore","oktacore"
"bgtga","banget"
"bobrokmending","jelek"
"bayartransfer","bayar transfer"
"dibatalkantempo","dibatalkan"
"pmbyaran","pembayaran"
"hbs","habis"
"kmana","kemana"
"sayahub","saya hubungi"
"byak","biak"
"nipu","tipu"
"boro","boro"
"disappointed","disappointing"
"recomended","recommended"
"ramahpromonya","promo"
"okecuma","oke hanya"
"bukareksa","bukareksa"
"bukaemasmasih","bukaemas masih"
"web","web"
"desktop","desktop"
"tar","tar"
"hatihati","hatihati"
"krna","karena"
"betransaksi","bertransaksi"
"seblum","sebelum"
"sebelm","sebelum"
"org","orang"
"pny","punya"
"pemasangan","pemasangan"
"tawarkan","tawarkan"
"wauw","wau"
"mengecewakannyesel","mengecewakan"
"guauang","gunung"
"ditranfer","ditransfer"
"janjin","janin"
"pasword","password"
"brgsrh","brush"
"tranfersdh","transfer sudah"
"dtrsfer","ditransfer"
"blsanya","balasannya"
"abistp","habis"
"gda","tidak ada"
"kbrklo","kabar jika"
"dpajangbkin","dipasangkan"
"kcwa","kecewa"
"connect","connect"
"full","full"
"fc","fc"
"overload","overload"
"ato","atau"
"apayg","apa yang"
"pst","pasti"
"aq","saya"
"pelanggantransfer","pelanggan transfer"
"jgsampe","sampai"
"kadaluwarsatolong","kadaluarsa"
"blgbsiinv","blasting"
"sampsi","sampai"
"sekarabg","sekarang"
"blffwyinv","blowin"
"thd","terhadap"
"follow","follow"
"pngen","pengen"
"bafus","bagus"
"pengunaan","penggunaan"
"saldobuka","saldo buka"
"kekuranganya","kekurangannya"
"toatrimakasih","terimakasih"
"lamapadahal","padahal"
"transferkadang","transferkan"
"kadaluarsakecewa","kadaluarsa"
"kog","kok"
"kawasaki","kawasaki"
"ninja","ninja"
"rr","rr"
"kox","kok"
"weeee","eeeee"
"pdhl","padahal"
"bca","bca"
"mls","malas"
"gajelas","tidak jelas"
"tf","transfer"
"vetifikasi","verifikasi"
"zonkguck","konghucu"
"sekarng","sekarang"
"dikirimlama","dikirimlah"
"kl","jika"
"gt","gitu"
"sekedar","sekedar"
"lainselain","selain"
"ditempatlewat","ditempatkan"
"telatudah","terlambat"
"yessehari","sehari"
"nyampenyataa","penyataan"
"haripayah","daripada"
"ngerespon","merespon"
"verivikasi","verivikasi"
"digubungi","dihubungi"
"yha","ya"
"bukalapaknya","bukalapaknya"
"benerin","benerin"
"negonya","negonya"
"dongg","dong"
"konfirm","konfirmasi"
"dikecewain","dikecewakan"
"brgnya","barangnya
bg,bagi
mslh,masalah
ikhlasin,ikhlas
smg,semoga
td,tadi
pg,pg
pulsatoken,pulsa token
pmbyrn,pembayaran
trnfer,transfer
samp,sampai
dibenahin,dibenahi
dulutransfer,ditransfer
langsug,langsung
eh,eh
ukm,ukm
apan,apaan
telphone,telephone
meng,meng
iyah,iya
teransfer,transfer
pemberitahuaan,pemberitahuan
kadarluwasa,kadaluarsa
jawabanya,jawabannya
process,process
ngebantu,membantu
store,store
doank,doang
tanganmakasih,terimakasih
support,support
diawasiudah,diawasi
brapa,berapa
pelapakkomplain,mengkomplain
dicuekin,cuek
bngt,banget
konek,connect
kecewamsa,kecewa
vrtfkasimlah,kabilah
psan,pesan
brkli,berkali
sruh,suruh
byarpdhl,bayar padahal
kn,kan
byarklo,bayar jika
ggal,gagal
kmblkankcwa,blanca
brat,barat
nie,nie
malem,malam
struk,struk
pentingin,penting
jadul,jadul
ajah,aja
amazon,amazon
ebay,ebay
kecewaaaa,kecewakan
verifikasiin,verifikasi
responnya,responnya
yes,yes
op,op
im,im
buying,buying
package,packages
right,right
awaybut,away but
didnt,didnt
get,get
confirmationtill,confirmation
pm,pm
finally,finally
jawa,jawa
bye,bye
jwban,jawaban
memng,memang
nihhh,nih
pngiriman,pengiriman
udeh,udah
woii,woi
ber,ber
dicpba,dicoba
berulangulang,berulang
higk,high
complain,komplain
invoice,invoice
muter,putar
terusmau,terus
message,message
notifnyatolong,notification
pernh,pernah
kna,kena
obt,obat
tdurbrg,turbin
sesuaiyg,sesuai
sayangkandana,sayangkan dana
kpd,kepada
penjualalsanya,penjualannya
kebukalha,kemikalia
castoldi,castle
plastikmenyesaaaallllllkrgny,menyesalkan
pembelikirain,pemblokiran
gampg,gampang
ap,ap
terperifikasi,terverifikasi
anjurkan,anjurkan
ptbukalapak,bukalapak
insyaallah,insyaallah
alhamdulullah,alhamdulillah
ditangani,ditangani
merk,merk
ribetlah,sulit
loe,loe
manyun,mangun
create,create
sblmnya,sebelumnya
service,service
ndak,tidak
clear,clear
restart,restat
bsgus,bagus
yah,yah
terimakenapa,terima kenapa
lm,lama
dilahirin,dilahirkan
mnjadi,menjadi
proces,proses
stlah,setelah
mksh,terimakasih
kmrn,kemarin
hehe,hehe
gmana,bagaimana
toling,tolong
balesannya,balasannya
blom,belum
com,com
tlpn,telpon
oyeah,obeah
epay,epay
bisaorang,bisa orang
diitung,dihitung
shop,shop
memverivikasi,memverifikasi
gg,tidak
refund,refund
kdaluarsa,kadaluarsa
ikutin,diikuti
lda,lda
slalu,selalu
ongkirnya,ongkir
loh,loh
nda,tidak
brbgai,berbagai
xl,xl
otentikasi,autentikasi
langkahnomor,langkahnya
pc,pc
dirugikanudah,dirugikan
deal,deal
dicancelmodal,dicancel
efisienproteksi,efisiensi
pihaknyamaaf,pihaknya
uninstall,diinstall
notif,notif
nmr,nomer
lmbat,lambat
tranfr,transfer
hangussssssss,hangus
kecewaaaaaaaaaaaaaaaa,kecewa
blesan,balasan
kli,kali
tranferannya,transfernya
aktipitas,aktivitas
transfermengadu,transfernya
cuba,coba
andoroid,android
ios,ios
lahh,lah
pke,pakai
tai,tai
ngecewain,mengecewakan
claim,claim
kecewasaya,kecemasan
stock,stock
damn,damn
penipuuu,penipuan
mlh,pilih
dh,deh
byr,bayar
memuaskanmau,memuaskan
akunmeminta,meminta
balesan,balasan
dibles,dibalas
baleslemot,balas lemot
ngeselin,mengesalkan
dowload,download
huhuhuh,huhu
cimb,cimb
mobile,mobile
downloadtapi,download
gagaldimana,gagal
downloadtolong,download
minsaya,min saya
didownload,didownload
sejauj,sejauh
ehh,eh
mbayar,bayar
blhjzninv,beijing
putraaksesoris,aksesoris
kesalahanya,kesalahannya
ktanya,katanya
kemaren,kemaren
dihubungin,dihubungi
aduhh,aduh
kadarluasa,kadaluarsa
prusahaan,perusahaan
follup,follow
merespon,merespon
nampaknya,nampaknya
tetanggatetangga,tetangganya
melambaaaat,melambat
tidakbisa,tidaknya
selambatlambatnya,selambatnya
megembalikan,mengembalikan
confirm,confirm
topup,tutup
apain,apakan
kmbali,kembali
hadeh,aduh
msh,masih
jugapadahal,padahal
barangudah,barangnya
haritransfer,ditransfer
alfamarttapi,alfamart
sampaipadahal,sampai padahal
mesankecewa,kecwa
maas,maas
maf,maaf
turunin,turunkan
terahir,terakhir
nego,nego
nb,nb
push,push
mnrt,menurut
kmahalan,kemahalan
keyword,keyword
weekend,weekend
server,server
cust,customer
veritifikasi,verifikasi
pencerahanya,pencerahan
transfernamun,transferkan
promonya,promonya
kedaluwarsahati,kadaluwarsa
promonyasy,promo
hub,hub
centernya,centernya
custumer,customer
ecommerce,ecommerce
maen,main
lamaaaa,lamanya
date,date
tidk,tidak
kjadian,kejadian
terjadiphak,terjadinya
bka,buka
lpak,lapak
krang,kurang
klu,kalau
mnta,pinta
bntuan,bantuan
aplikasinyaharus,aplikasinya
tanganmenurut,menurut
blhgiinv,blogging
verifikasidan,verifikasi
lanjuthanya,lanjutnya
terferivikasi,terverifikasi
divalidasi,divalidasi
gtuu,gitu
slow,slow
loginudh,login
bntr,sebentar
mlu,malu
lma,lama
lgktrngan,lintingan
jrngan,jangan
srever,server
gnguanlah,gangguan
apalahjancok,apalah
lapaktlong,lapak
mslah,masalah
sprti,seperti
inisya,insya
blnja,belanja
slseikan,selesaikan
prmslhan,permasalahan
pindh,pindah
tko,toko
sblh,sebelah
bagaimna,bagaimana
dicapslock,dicapslock
kyak,seperti
make,pakai
penuhin,penuhi
tweet,tweet
tweeter,twitter
makana,makanan
bayr,bayar
vendornjg,vendornya
bertanggungbjawab,bertanggungjawab
kprcyaan,kepercayaan
trhdap,terhadap
beberapakali,beberapa
sekarangtp,sekarang
lanjutcs,lanjut
hubungin,menghubungi
kreditsampai,kredit
kadaluwarsasangat,kadaluarsa
vrifikasi,verifikasi
pemegang,pemegang
tembelekmau,tembakau
ukura,ukuran
army,army
bomb,bomb
gadikasih,dikasih
todia,tomia
forbiden,forbidden
tlong,tolong
jngan,jangan
tegor,teror
pembayaransharus,pembayarannya
pdagang,pedagang
hrus,harus
reward,reward
gunain,gunain
brti,berarti
peliin,belikan
cpt,cepat
low,low
offline,offline
letoy,letoy
tansfer,transfer
dikonfrm,dikonfirmasi
dtransfer,transfer
dikonfirmnya,dikonfirmasi
konfermasi,konfirmasi
failed,failed
nyobak,coba
lancarlancar,lancaran
galaxy,galaxy
grand,grand
neo,neo
duos,duos
maintenance,maintenance
searching,searching
marketplace,marketplace
terooos,terus
koeneksi,koneksi
install,instal
nieh,nih
lte,lte
pinrangsulawaesi,ditranslasi
csnya,customor service
bangetmau,banget
channel,channel
validasi,validasi
note,note
ngehubuingin,sehubungan
xx,xx
bebera,beberapa
masukjgan,masukan
scam,sam
klikmohon,dimohon
screenshot,screenshot
dianterinnya,diantarnya
baguss,bagus
badd,bad
dianterin,dianterkan
ohhh,oh
damnson,amnion
duper,super
noobbbbbbbbbbbbb,doodlebob
banned,banned
appp,app
pakek,pakai
transfersaya,transfernya
bahagiajangan,bahagianya
th,tahu
bngsat,bangsa
kemna,kemana
telfon,telfon
telfonkonfirmasi,terkonfirmasi
elek,elek
nyuruh,senyuruh
lubeg,lube
tenyata,tenyata
regcoba,mencoba
pdgar,pagar
ythpemilik,pemilik
forbidden,forbidden
hentisaya,hentinya
sulitharap,sulitnya
lwt,lewat
ngecerrrrrrrrrrrrrrrrree,niederpreu
maloloi,malolo
perbaikisudah,perbaikan
pembyaran,pembayaran
nunggux,nunggu
pesnan,pesan
sam,sam
nelfon,telfon
nanyak,banyak
selesaikannnnnnnnnnn,selesaikan
skali,kali
tokofurniturejayaselaluada,tuturnyaselain
downloud,download
bukalapakada,bukalapak
delete,delete
ajja,aja
purwakarta,purwakarta
temen,temen
dikecawan,dikenakan
malaha,malah
trx,transfer
thx,terimakasih
kemarenkarna,kemarin karena
bbrp,beberapa
tokotidak,ketidak
smua,semua
lainbkn,lain
slowrespon,slow respon
kmn,kemana
ak,aku
jebotttt,bottom
ngasih,memberi
vans,vans
kw,kw
leg,leg
spiner,spider
magrip,maghrib
belanjamending,belanja
sebenernya,sebenernya
ramadhan,ramadhan
taw,taw
clik,klik
maps,maps
jl,jl
viii,viii
sunset,sunset
road,road
rs,rs
siloam,siloam
daw,daw
loginriwayat,login riwayat
pembelianchatsmpe,pembeliannya
pembaharuannn,pembaharuan
nech,tech
instal,install
gtu,gitu
dsebelah,sebelah
gebleg,gebreg
ngingetin,angiogenin
twitter,twitter
copas,copas
maap,maap
professional,professional
paswod,password
uanganya,uanganya
domopet,dompet
nge,nge
raguka,rabuka
minktnya,minatnya
amplopsaya,amplopnya
bntang,bintang
sekarangtidak,sekaranglah
kecewapesen,kecemasan
bukalapakdulu,bukalapak
errorpembaharuan,pembaharuan
bagustapi,bustami
onlinenggk,online
oxsaran,besaran
susahhhhhh,susah
loginlogin,login
packing,packing
policy,policy
disable,disable
ktnya,katanya
ngaco,kacau
punishment,punishment
nyamar,menyamar
dibl,dibeli
nemu,temu
autoremit,antisemit
hrs,harus
dl,dulu
remit,rumit
mnt,menurut
applikasinya,aplikasinya
njir,noir
kayaaaa,seperti
maanaa,mana
sratus,status
bayaryg,bayar
errorr,error
menghubingi,menghubungi
bilangn,bilangan
trnsaksi,transaksi
kukirim,dikirim
manaa,mana
mbohh,mbah
sekrang,sekarang
kadaluarda,kadaluarsa
tuh,tuh
terkonfimasi,terkonfirmasi
gwe,gue
bukabantuan,bukabantuan
kembaliin,kembali
inbox,inbox
pre,pre
dropshiper,dropshiper
boss,boss
praktek,praktek
memburukdi,memburuk
dilipatgandakan,dilipatgandakan
rekomendid,rekomendasi
youtube,youtube
cmiiw,cmiiw
shoee,shoes
pray,pray
tansaksi,transaksi
bntar,bentar
ngarepotkn,merepotkan
kaskus,kaskus
ntar,nanti
read,read
lagipadahal,padahal
akundan,aku dan
direkondisikan,dikondisikan
tagian,bagian
terakhirtransaksi,bertransaksi
beritanyaud,beritanya
pesanchat,pesan chat
evecrive,detective
many,many
dirugikankarena,dirugikan
bbrapa,berapa
terupdate,terupdate
pesananannya,pesanannya
komfirmasi,konfirmasi
lapakmalahan,pakualaman
mggu,minggu
trusssgmna,lalu bagaimana
jwaban,jawaban
heyy,hey
diginiin,diginiin
trsnfers,transfer
bla,bila
feedback,feedback
fclose,close
hti,hati
kecewabilangnya,kestabilannya
amplopeh,amplop
skalisaya,kalinya
responpayahhhh,responsnya
bail,baik
nihh,nih
loginpadahal,login padahal
dulupelapaknya,pelapaknya
respond,respon
applikasi,aplikasi
berapakali,beberapa kali
transperan,transparan
trf,transfer
rabu,rabu
mgkin,mungkin
urgent,urgent
pesanbeli,pembeli
report,report
kmren,kemarin
ajasaya,atasnya
template,template
blhviinv,bahrain
bayiuangnya,bayangnya
britp,brit
pembayaransekarang,pemasyarakatan
kadaluwarsainformasi,kadaluarsa
yamg,yang
jelasno,jelas
bukalafuck,bukalapak
maaih,masih
sapah,salah
didiyemin,didiami
tlfn,telfon
sayadah,sayalah
balessya,balas
pulangin,pulangkan
suruoh,suruh
services,service
bales,balas
toped,tokopedia
tokped,tokopedia
lzd,ltd
product,product
tdak,tidak
administrasinyaok,administrasinya
sayabagai,sEbagai
mna,mnAa
bukalapakrugi,bukalapak
klw,jika
indomaretalfamartalfamididandanlawson,indomaret alfamart alfamidi dandan lawson
dibenerin,dibenerkan
diturunin,diturunkan
semarang,semarang
link,link
chating,chatting
penjualnyaga,penjualnya
ky,seperti
loding,loading
paraahhhh,parah
konfirmdisuruh,konfirmasi
errorbukti,error terbukti
imailbaca,membaca
donklama,lama
dpet,dapat
cman,hanya
gumana,bagaimana
baikbaik,baik
bukadompettop,bukadompet
banyakpelapak,antarpelajar
engga,tidak
imail,email
blbrtfxinv,blasting
kompirmasih,konfirmasi
peenah,pernah
fastrespone,respon
gemeess,gembel
suksesbukti,suksesi
xkaliagak,kalijaga
ah,ah
enth,entah
nybikin,bikin
ajapesan,lapisan
sring,sering
sendri,sendiri
hilangharus,dilanggar
pingin,ingin
belanjarumittt,belanja rumit
downgrade,downgrade
sbenarnya,sebenarnya
haahh,haag
bukadumpet,bukadompet
blvntop,blanton
sudag,sudah
belun,belum
utuk,untuk
gaa,tidak
nyeselll,menyesal
jugaaa,juga
pelapaksaya,pelaksana
sayadia,saya dia
nmor,nomor
nyatrus,nyaris
seusaisaya,seusainya
lalutapi,lantai
skarng,sekarang
confirmasi,konfirmasi
nanyaindan,tanyangan
conpirmasi,konfirmasi
mengkormfirmasi,mengkonfirmasi
emailmau,emailan
chatt,chat
yasaya,yesaya
nyagimna,bagaimana
ommmasa,mamasa
uangnyatolong,uangnya
penipusaya,penipu
tranferpelapak,transfer pelapak
palsualias,palsu alias
kurirparahnya,kurir
bk,bk
apag,apa
sajasdh,sajalah
trz,terus
aduuhhh,aduh
kalijadi,kalijati
eroorr,error
mo,mau
digunain,digunakan
dicairin,dicarikan
smeua,semua
bukalapaksangat,bukalapak
ngalamin,mengalami
websitenya,websitenya
rmh,rumah
bukapalak,bukalapak
wakti,waktu
oriented,oriented
arogant,arogan
penjualaan,penjualaan
nungguin,menunggu
sekitsr,sekitar
skr,sekarang
prasaan,perasaan
centre,center
ud,udah
abs,jabis
teruspenjualan,penjualan
bls,balas
loadingnya,loading
share,share
nekoklo,koko
blknapa,kenapa
stelah,setelah
barujdi,burundi
sbgagai,sebagai
malh,malah
masukthanx,masukan
feature,feature
june,june
send,send
messages,messages
sent,sent
using,using
vivo,vivo
ditambahin,ditambahi
jidak,tidak
sharusnya,seharusnya
sekaranh,sekarang
tanggapin,tanggapan
transakasi,transaksi
gh,gih
official,official
sangatsangat,sangat
mengalamai,mengalami
kadaluwarsauang,kadaluarsa
balaskita,balas
koment,komentar
nuruh,menyuruh
kebukalapak,kebukalapak
nyamanannyatapi,keamanannya
icon,icon
abuabu,abu
bljcninv,janin
dbuka,dibuka
hrga,harga
klian,kalian
dsni,di sini
jeans,jeans
cardinal,cardinal
sugma,sukma
onshop,onshop
naudzubilla,nabilla
himindzalik,dimintai
diemin,diamkan
kyk,seperti
gni,gini
nyangka,menyangka
nyesel,menyesal
emak,emak
samateknisi,teknisi
bangetdi,banget
bljspinv,blasting
diverivikasi,diverifikasi
bntu,bantu
sarimbit,sarimi
couple,couple
dafila,davila
collection,collection
danax,dana
pnjualx,penjual
katax,kata
dech,deh
maya,maya
siiaalll,sinyal
dibukadompet,dibukadompet
soalx,soal
size,size
ne,ne
blasannya,balasannya
copy,copy
paste,paste
nhjangan,jangan
line,line
rating,rating
reg,reg
yach,bach
baagus,bagus
aplikasiuang,aplikasi
konfirmasinyatanya,konfirmasikan
cpstamer,customer
ganguanuang,gangguan
kaseh,kasih
pa,pa
pendo,bendo
inicuki,nicki
tagihanya,tagihannya
dikonfirm,dikonfirmasi
berlajar,belajar
musti,musti
nanyain,tanyakan
inijadi,inisasi
cairkanehhh,cairkan
jugakedepannya,kedepannya
barangwaktu,barang
lupatransfernya,transfernya
sekalisampe,mekanisme
complainan,komplain
taii,tapi
lamadan,lama dan
sekarangfitur,sekarang fitur
bukaiklan,bukaiklan
pakaiketika,pakai ketika
rbsupaya,supaya
jugaya,juga
day,day
instant,instant
courir,kurir
rate,rate
troble,trouble
responsive,responsive
pendaptaran,pendaftaran
konf,konfirmasi
vertifikasinya,verifikasinya
handle,handle
dikemanakan,dikemanakan
cm,hanya
verfifikasi,verifikasi
hack,hack
jelassss,jelas
orng,orang
taik,taik
brangnya,barangnya
jda,jada
branga,barang
waktua,waktu
bru,baru
bergunatak,berguna
huuuu,hu
milih,memilih
suu,suu
woooo,woo
everywhere,everywhere
bukaklapak,bukalapak
sampaisampai,sampaikanlah
mudahmudahan,memudahkan
direspondari,respon
expired,expired
tlog,tolong
kadaluawarsa,kadaluarsa
deadline,deadline
lebihtrus,lebih
kembalika,kembalikan
tv,tv
amploppadahal,amplop padahal
iming,iming
boskontak,berkontak
seksli,sekali
datangmana,datangkan
pelayana,pelayanan
sangt,sangat
card,card
curhat,curhat
diupdate,diupdate
jgan,jangan
nyampenyanunggu,menunggu
nyampebarang,sampai barang
mesennya,pesannya
teansfer,transfer
verifikasiujung,verifikasi
pesanansayahub,pesanannya
ancurr,hancur
balil,bali
pengiruman,pengiriman
mulungabisin,menghabiskan
warnaukurandll,berukuran
errorbarusan,terbarukan
pesananad,pesananan
notifikasitapi,notifikasi
lagihilang,hilang
bljmxinv,belanja
notagihan,tagihan
meskipu,meskipun
merekapadahal,mereka padahal
indomartjadi,indomaret
indomartpas,indomaret
dhl,dll
dbyr,dibayar
dngn,dengan
tghn,tagihan
bljusinv,lusin
sd,sd
kpn,kapan
jm,jm
drespon,direspon
jwb,jawab
comen,komentar
original,original
lho,lho
transaksipembelian,transaksi pembelian
nagih,tagih
supportnya,support
brp,berapa
tentuin,tentukan
batapin,balapan
kompelnan,komplain
yrus,terus
komplenan,komplain
kesepkatan,kesepakatan
selanjuy,selanjut
persetujuam,persetujuan
ylama,lama
yathanks,thanks
verif,verifikasi
mnding,mending
terverif,terverifikasi
nabung,tabung
garano,garang
smsnya,sms
mudahhan,mudahan
tmpt,tempat
andromax,andromax
kemarenn,kemarin
spinnerkirimnya,spektrumnya
haritapi,hari tapi
kirimbantulahgimana,triantahkarana
jelasin,jelaskan
jpg,jpg
sue,sue
ngembangin,membangun
yaah,yah
passwordnya,passwordnya
duluklo,dulu
always,always
give,give
bugs,bugs
terverifikasiterkonfirmasi,terverifikasi
shingga,sehingga
tmbahan,tambahan
mreka,mereka
kebanyakn,kebanyakan
fihak,pihak
ksih,kasih
mengambat,menghambat
dikarenkan,dikarenakan
hahahaha,hahaha
haduh,gaduh
nyicil,menyicil
aje,aja
ngecek,cek
sh,sih
trasferstatus,berstatus
xa,xa
kedaluwarsabukti,kadaluwarsa
adakirim,dikirim
sdhtlpcs,sudah telfon cs
nyambungtrus,nyambung
gkada,tidak ada
baliktolong,ditolong
ditanggapintks,ditanggapinya
seringkali,seringkali
kluhan,keluhan
scepatnya,secepatnya
trkendala,terkendala
brjln,berjalan
bangett,banget
brng,barang
bgus,bagus
sgera,segera
dgan,dengan
verivikasinya,verifikasi
playanan,pelayanan
invoicenya,invoice
sabtubahkan,dibubarkan
thn,tahun
transakai,transaksi
inisy,ini
binggung,bingung
trackingnya,tracking
blbacinv,bebasin
space,space
large,large
thumbnail,thumbnail
small,small
penipuuang,penipuan
sampailihat,sampailah
dtransaksi,transaksi
sayapadahal,padahal
apaanjing,panjing
explorer,explorer
tisak,tidak
pwntig,penting
aduh,aduh
nga,tidak
ktp,ktp
trimaksih,terimakasih
komplainretur,komplain
ngabisin,habiskan
maksih,masih
nyatumben,nyaumbe
kecewasebagai,kecewa
diposting,posting
ayolaaaaaahhhh,ayolah
slama,selama
dibalikin,dibalikkan
uangnyagmna,uangnya
yamau,tidak mau
konfir,konfirmasi
attus,rattus
sayadi,saya di
pembelianbuka,pembeliannya
dihubungiii,dihubungi
nisa,nisa
dkrimtlong,dikirim
trsbut,tersebut
lnjut,lanjut
pesn,pesan
kenpa,kenapa
koq,kok
kndala,kendala
suasah,susah
telkomsel,telkomsel
pengaduansaya,pengaduannya
dibalessaya,dibalas
putusputus,terputus
gakk,tidak
gkk,tidak
nonggoltolong,menolong
domg,dong
cahat,jahat
pelapakny,pelapaknya
hedeuh,teduh
jls,jelas
masaa,masa
mohammad,mohammad
aldi,aldi
aradhana,arahan
dilazada,dilanda
jngn,jangan
dompetstelah,dompet
dompetjadi,dompet
admi,admin
mudinyuligmail,minimal
maubuka,membuka
yag,yang
nyambung,sambung
maff,maaf
dialfamart,alfamart
jeleklogin,login
bisahuhuhuhu,bisa
seevice,service
ahhhnotif,notif
adanunggu,menunggu
lepi,tepi
lhooo,logo
ngadu,ngadu
berualng,berulang
dibalesnya,dibalasnya
semuaudah,semua
lagiterus,terus
bayarmuncul,bayar muncul
salahmohon,salah mohon
playstore,playstore
bozzz,bos
ngisi,mengisi
tanggepan,tanggapan
servicetolong,service tolong
boz,bos
admintrims,admin terimakasih
rudyichlas,ichlas
cibarusah,cibarusah
baranf,barang
nyelesain,penyelesain
mba,mba
dkirim,dikirim
brubah,berubah
ijo,hijau
gmpang,gampang
recommended,recommended
manthab,mantab
lamaa,lama
dehh,deh
stengah,tengah
jaringanya,jaringannya
fleksible,fleksible
wadduh,waduh
yh,yah
kbar,kabar
tlf,telfon
jneini,jne
tkonya,tokonya
nympe,sampai
ntr,nanti
bintg,bintang
errormohon,error mohon
mesen,pesan
tlon,tolong
tlpnnya,telfon
responya,responnya
shg,sehingga
spt,seperti
nanjing,nanjing
imel,emaik
brlanjah,berbelanja
mengecewahkan,mengecewakan
ngentot,ngengat
bukalapa,bukalapak
goliran,giliran
wdcairkan,dicairkan
dibayarbahkan,dibayarkan
simpanterus,simpan terus
kadaluarsagimana,kadaluarsa
mao,mau
majuseperti,seperti
penipuansementara,penipuannya
samo,sama
bukak,buka
emtek,emtek
hoream,korea
brpooo,berapa
cpd,cepat
bcatapi,batasi
sttusnya,statusnya
mnerima,menerima
suksea,sukses
callcentre,call center
dsar,dasar
mngesalkan,mengesalkan
inpit,input
tokosebelah,toko sebelah
chitchat,chit chat
system,sistem
janjiin,janjikan
dy,dy
belangchatnya,chatnya
ygd,yang
fotoin,fotokan
wanti,wanti
ksh,kasih
asembling,asembli
bintangnyatak,bintangnya
lgsung,langsung
oprerator,operator
bukalapakdan,bukalapak
bukalapakdisini,bukalapak
mulurugi,rugi
sajacontoh,contoh
noh,noh
tokopediajauh,tokopedia jauh
hadew,hades
kepenjual,penjual
chatbox,chatbox
bejanja,belanja
chatingan,chatting
inimohon,dimohon
nampil,tampil
webapabahkan,menambahkan
aplikasinyachat,aplikasinya
terkirimyg,terkirim
bgs,bagus
bingungni,bingung
errorbanyak,errornya
sistemny,sistemnya
mhon,mohon
display,display
ngebohongi,membohongi
pelanggansupaya,pelanggannya
bingungjadi,bingung
kosongjangan,kosong
kosongcapek,kosong
pemberitauan,pemberitahuan
dulumg,dulu
far,far
okjust,just
said,said
items,items
sometimes,sometimes
little,little
delay,delay
transksi,transaksi
sold,sold
mail,mail
blz,balas
diangat,diangkat
pls,please
trusss,lalu
barangmudahcepattanggap,barang mudah cepat tanggap
lapaksaya,lapak saya
ergo,ergo
baby,baby
blkvwninv,bakunin
ktimabang,ketimbang
nyaa,nya
tetanga,tetangga
bagusy,bagus
duity,duit
gra,era
ngir,noir
mng,mng
say,say
ajj,aji
abda,ada
lanscape,landscape
commerse,commerce
seler,seller
handphone,handphone
parahudah,parahkah
direload,direload
bukadompetnya,bukadompetnya
padal,pada
transaksitambah,transaksi
nyampai,sampai
apaapaan,apa
iniini,ini
pelapakstatus,pelapak status
dikirimtp,dikirim
palsualhasil,alhasil
hariwaktu,harimau
siasiauang,sisavang
percumabarang,percuma barang
bukalapakmalah,bukalapak
lagijelasjelas,dijelaskan
sistemdan,sistem
paketini,paketan
akalakalan,akal
jawabtolong,rawabelong
kacaw,kacau
btas,batas
ttep,tetap
sperti,seperti
kburu,buru
transaksitp,transaksi
dbatalkan,dibatalkan
cb,coba
skaliutk,sekali untuk
mngurangi,mengurangi
ditindaklanjuti,ditindaklanjuti
nagihnya,tagihnya
leasingkapok,tersingkap
lapaktolong,lapak
pelapaksy,pelapak
blispoxinv,bison
tnggl,tanggal
review,review
track,track
browsing,browsing
yng,yang
terimakasi,terimakasih
cash,cash
fleksibelbanget,fleksibel
vertifikasi,verifikasi
trobel,troubel
sekrg,sekarang
nehsisa,tersisa
kadaluarsauang,kadaluarsa
sedekahsemoga,sedekah
berkahogah,berkah
hmmm,hmm
zzzzzz,whuzzz
errorburuan,error perburuan
diberitahu,diberitahu
verfikasi,verifikasi
perbaikin,perbaikan
bukutabungan,tabungan
kerjain,kerjaakn
inisayang,sayang
telapon,telepon
danaya,kanaya
tfnya,transfernya
peneranganya,penerangannya
loggin,login
pencarianya,pencariannya
separepart,sparepart
kumplit,komplit
gaboleh,tidak boleh
digenapin,digenapkan
hangusin,hangus
tranfser,transfer
genapin,genap
enough,enough
nyusahin,menyusahkan
bbrpkali,berkali
ttp,tetap
kenapah,kenapa
list,list
whatsapp,whatsapp
bukabantuannya,bukabantuannya
noduit,duit
ngambil,ambil
hilag,hilang
ditanggepin,ditanggapi
notofikasi,notifikasi
visamastercard,mastercard visa
semuaa,semua
transaksia,transaksi
delet,deret
az,az
ditelp,ditelpon
hg,hg
ferifikasi,verifikasi
telponin,telpon
systemnya,sistemnya
eksis,eksis
trnasfer,transfer
kadaluarsasetelah,kadaluarsa
jawabantidak,jawabannya
myan,lumayhan
ptnya,punya
bukalapakpesen,bukalapak
kapandi,kapan
pn,pn
kpankecewa,kecewa
dicantumin,dicantumakn
dipemesanan,pemesanan
gimanah,bagaimana
drone,drone
lost,lost
already,already
transaction,transactions
proof,proof
action,action
fixing,fixing
dikirimpadahal,dikirimlah
uangnyagimana,bagaimana
bukalapat,bukalapak
ferifikasinya,verifikasi
lumaya,lumayan
huuuuuuuuuuuuuuu,hu
trimksih,terimakasih
otpotp,otp
ponsel,ponsel
bnaget,banget
replacement,replacement
direply,direply
tetanggantar,tetangganya
internetnya,internetnya
csaplikasinya,aplikasinya
ditq,dit
pjualnyaitu,penjual
satupelanggan,pelanggan
kjdianq,kadang
network,network
kapooookkkkk,kapolsek
wlwpun,walaupun
bnyk,banyak
ecash,cash
nipubarang,cipularang
diksih,dikasih
alfaindomaretatau,indomaret alfamart
mmpermudah,mempermudah
rekeningitung,rekeningnya
diadain,diadakan
star,star
pangen,pangan
beliin,belikan
mermaid,mermaid
nangis,tangis
tanggepin,tanggapan
ajgg,agg
kolplin,komplain
tq,terimakasih
baguscuma,bagusnya
gangguansaya,gangguannya
respone,respon
apdet,update
dulustoknya,dulunya
ajacapek,capek
application,aplikasi
ngajuin,mengajukan
nguliknya,culiknya
ngikutin,mengikuti
linknya,liknya
mane,mana
gausah,tidak usah
minterin,menteri
dipunya,dipunyai
gembar,gambar
maluin,maluin
deleted,deleted
soon,soon
dikerjain,dikerjakan
simple,simple
riweh,riset
kh,kh
sekalivery,sekaliber
performance,performance
aplikasisystem,aplikasinya
gymna,bagaimana
bilangya,bilangnya
ynanti,nanti
produksudah,produk
dibyar,dibayar
gag,tidak
pnyelasaian,penyelesaian
stuck,stuck
mohin,mohon
odran,order
xjm,jm
tampa,tanpa
pemberitahuandsni,pemberitahuan
dkrm,drm
gwklo,siklo
dimna,dimana
jwbany,jawabannya
slayer,slayer
yaklo,yakni
benerapa,beberapa
tandaichecklist,anarchist
kedaluarsa,kadaluarsa
bisaa,bisa
tulisny,tulisnya
print,print
masii,masih
kprint,print
daftarin,daftar
lemooott,lemot
cashback,cashback
cnter,center
twiter,twitter
tambahkanchat,tambahkan chat
dzalimi,dzalim
sprt,seperti
bukasy,bukan
ads,ads
komplingk,kimpling
aneeh,aneh
sbelumnya,sebelumnya
fp,fp
gaksaya,tidak saya
nyaitu,yaitu
dimanaboleh,dipakaioleh
pengirimannyasaya,pengirimannya
duakalibiasanya,desabiasanya
nyampeini,sampai
parahh,parah
seperpi,seperti
adminversi,inversi
uptapi,tetapi
munculhilangmalah,menghilangkah
detil,detil
munculmalah,muncullah
emailmohon,memohon
ngembaliin,pengembalian
terimakasoh,terimakasih
supplier,supplier
gr,gr
suplier,suplier
kash,kasih
lha,lha
rejeki,rejeki
suksesdah,sukseskan
qu,qu
anjeng,anjeng
balek,balik
samakita,samaria
situspenipuan,penipuan
etdah,endah
ngasik,ngasih
failure,failure
jelasdan,jelaskan
po,po
kgk,tidak
dteng,datang
jawabkandan,jawabkan
jugadan,juga dan
nihgak,pihak
bljhrtop,laptop
offlen,offline
berbaikin,berbaikan
sulitkirim,dikirim
sesuwai,sesuai
pengirimanaku,pengiriman
datangmau,datanglah
von,von
rbmau,rimau
susahterus,sumatera
ngeluarkan,mengeluarkan
bukalapakkalo,bukalapak
uwang,uang
hilangnunggu,langsung
nomernya,nomernya
mahaldan,mahardan
apl,al
yakkk,yakni
nelen,helen
bayaruda,bayard
datangsedangkan,dilangsungkan
hariini,hari ini
datanggmna,datangnya
loginerror,login error
dksih,diberi
siiip,sip
daei,dari
trfdinisi,transfer
pedahal,padahal
nulis,menulis
spinner,skinner
hggggh,hingga
mlulu,melulu
awl,awal
pnjual,penjual
mauu,mau
barangtapi,barangkali
thh,the
dulukalau,duduklah
lom,belum
rwsponnya,responnya
savage,savage
trafer,transfer
hyo,ho
dperti,sperti
cba,coba
saa,saa
tia,tia
aa,aa
taa,taa
sekalicall,sekali
hubungibaik,hubungan
exspedisi,ekspedisi
lwe,le
negri,negeri
adakanagar,salakanagara
bukalapaksemoga,bukalapak
amiin,amiin
yamsh,ya masih
inih,ini
hayoh,hayo
haha,haha
barangnyauang,barangnya
ditransperapa,ditransfer
trasi,terasi
tokped,tokopedia
toper,tower
berhatihati,berhati
frameset,frase
box,box
kg,tidak
apalahmasak,tanahmasa
peerima,penerima
autoreply,auto reply
refresh,refresh
tengahtengah,tengahnya
denger,dengar
bkn,bukan
hahaha,hahaha
miinn,admin
miin,admin
balasanya,balasannya
minnn,admin
blk,kembali
penanganan,penanganan
yampe,sampai
lumauana,lumayan
tingkatin,tingkatkan
lemottt,lemot
jugatolong,tolong
dulusaya,dulunya
indomaretsetiap,indomaret
datengin,datangi
danabiasanya,dana biasanya
terlambatpadahal,terlambatnya
kecewaa,kecewa
beratt,berat
belanjaa,belanja
karnakan,karena
reksadana,reksadana
go,go
kecamatanya,kecamatannya
kabupatenya,kabupatennya
ahh,ahh
perbaikisetiap,perbaikan
melulutetangga,bertetangga
nyacontoh,contoh
kapokdelete,kapok delete
lapa,lapak
oelapak,pelapak
klrisifikasi,klarifikasi
emng,emang
menanganj,menangani
brharap,berharap
prbaikan,perbaikan
mpe,sampai
bingungdn,bingung
kecewakrn,kecewakan
mmbutuhkn,membutuhkan
smlem,semalam
bngtz,banget
sayaaaa,saya
langsungcash,langsung cash
atmkredit,kredit
menginput,penginput
mnunggu,menunggu
ttpi,tetapi
dn,dan
mka,maka
kmbalikn,kembalikan
jualn,jual
blikin,kembalikan
mrugikan,merugikan
bisingggggg,disinggung
asemnya,asetnya
dibatalin,dibatalkan
ditelvon,ditelpon
gtw,tidak tahu
ngurusin,mengurusi
prnh,pernah
cukupbisa,cukup bisa
indomartterimakasi,berterimakasih indomaret
bukalapalselalu,bukalapak
entry,entro
periksan,periksa
daru,dari
contak,kontak
produksaldo,produk saldo
kecewasebelumya,sebelumya kecewa
cepattpi,cepat
sekalidetik,sekali detik
inibelum,belum
kirimdan,kiriman
haridanitu,harianto
memperosess,memproses
dowlod,download
enga,tidak
gambarbru,gambar baru
bru,baru
bertangung,bertangung
salahkaya,salahnya
semuasama,serbasama
nipugambarnya,gambarnya
pomnya,posnya
asalanrugi,apalagi
responpayah,responsnya
guapayah,payah
tiketing,ticketing
bileh,boleh
return,return
jelasjelas,jelaslah
dipentalin,dikenali
berteletele,bertitel
play,play
klikpay,klikpay
payahnih,payahnya
duwitnya,duitnya
dopet,dompet
hacker,hacker
phishing,fishing
mn,mana
nich,nih
saia,saya
team,team
tikitapi,tiki tapi
kampak,kampak
belanjain,belanjakan
tokai,tokai
bàrang,barang
uah,buah
gilîran,giliran
bayaräñ,bayar
kiim,kim
alasàn,alasan
àlamat,alamat
temukàn,temukan
otomatisapa,otomatisasi
reting,rating
penguna,penguna
kamitrimakasih,terimakasih
ribbeet,ribet
dsb,dan sebagainya
ush,usah
kasoh,kasih
ckck,ckck
opraminiuc,braminus
kebukamohon,mohon
bantuany,bantuan
mis,mis
check,check
lag,lag
niih,nih
sayano,saya
bula,bula
hah,haha
blg,bilang
mcm,macam
dibukalapaksy,bukalapak
diaplikasiklo,diaplikasikan
menolaksy,menolak
bwa,bawa
gmnnlfn,gmelin
yap,ya
lapakgw,lapak saya
transaksiblmvciinv,transaksi
rdta,rata
avokado,avokadp
request,request
cancelation,cancelation
penjualpembeli,penjual pembeli
menyetujui,menyetujui
reminder,reminder
bareksa,bareksa
duluan,duluan
colli,coli
pulsainvestasi,pulsa investasi
kadaluarsanya,kadaluarsanya
aah,ah
reviewnya,reviewnya
perbanyakin,perbanyakan
mandeksaya,terhambar
bukalapk,bukalapak
daritadi,daritadi
tangani,tangani
akuaratkan,akuratkan
tautau,tau
sampk,sampai
shope,shopee
payahhhh,payah
curangg,curang
recomend,rekomendasi
pda,pada
nyampenyampe,sampai
bukaanying,bukapiting
parahhhhhh,parahkah
popup,papua
emg,emang
bitalkan,batalkan
tanggapanya,tanggapannya
sensi,sensitif
dibilangin,dibilangkan
dikatain,dikatakan
dllu,dulu
tmbh,tambah
barqng,barang
sesui,sesuai
ngotot,ngotot
diakusi,diakui
kesringan,keseringan
kecewain,kecewa
beneran,benar
permainin,permainan
kmbli,kembali
pic,pic
begok,besok
gadget,gadget
ngomongnya,ngomongnya
payment,payment
flownya,flownya
screen,screen
field,field
code,code
shortcut,shorcut
click,klik
oon,non
ngasi,memberi
ngejebak,menjebak
bats,banget
lamaaaaaaaa,lama
nyampeknya,sampainya
yapadhl,padahal
pengirima,pengiriman
tetngga,tetangga
sblah,sebelah
kemren,kemarin
gmail,gmail
verified,verified
tc,tc
dapetin,dapatkan
sempetnya,sempatnya
kebanyaan,kebanyalkan
banyaan,banyakkan
napa,kenapa
sell,sell
used,used
prouducts,products
english,english
version,version
provided,provider
gajadi,tidak jadi
limited,limited
dngan,dengan
uank,uang
junitapi,juni tapi
pngirimian,pengiriman
dperbaiki,diperbaiki
krja,kerja
pket,paket
express,express
gapuas,tidak puas
smpaikan,sampaikan
payahsaya,payahnya
sunggu,sungguh
dcek,cek
nymp,sampai
sktny,sakitnya
trsbt,tersebut
kd,kd
bljvtdxindinvyptp,berdinding
mhn,mohon
trmksh,terimakasih
caritidak,cari tidak
tgg,tentang
bintangy,bintang
truspadahal,padahal
datengnya,datangnya
pengirimanya,pengirimnya
lol,lol
trackpdhl,track padahal
aplilasi,aplikasi
lebay,lebar
aliexpress,aliexpress
lambatbanyak,lambatnya
keteranganujung,keterangan
dibatalkansaya,dibatalkan
laporin,laporan
ajakalo,ajakan
bukalapakmau,bukalapak
habisdgambar,bergambar
diberitahuharusnya,diberitahukan
bayardtransfer,bayar transfer
habisuang,habisan
pelapakparahh,pelapak
smentara,sementara
ckup,cukup
brani,berani
transaksitapi,transaksi
baranga,barang
paraaaaaah,parah
jdinya,jadinya
asliaturan,peraturan
konfirmsi,konfirmasi
lgsunglah,langsunglah
yb,b
bgusnya,bagusnya
tmpat,tempat
mngkin,mungkin
gji,gaji
uplod,upload
ngambar,gambar
signal,sinyal
olx,olx
atik,atik
tdkapa,tidak apa
priduck,produk
pinter,pintar
lsg,langsung
parag,parah
trasfer,transfer
tnggapan,tanggapan
zock,zonk
ahkiryaa,akhirnya
tapu,tapi
dibterima,diterima
ferivikasi,verigikasi
sll,selalu
jnetiki,jne tiki
sbagai,sebagai
trimksh,terimakasih
nerubah,berubah
aduuh,aduh
lmayan,lumayan
kecewakn,kecewakan
ternyta,ternyata
jn,jn
atw,atau
tingkyu,tingkat
emailaplikasi,aplikasi
ngerugiin,merugikan
orangg,orang
pyahh,payah
deketin,dekatkan
kaaih,kasih
pakeet,paket
extra,ekstra
dksh,diberi
tibatiba,tiba
udab,sudah
memory,memory
sddan,sudan
updatenya,updatenya
kurangiterlalu,kurang terlalu
keseringanmksh,keseringan
casing,casing
aplnya,aplikasinya
kzl,kesal
sekalu,selalu
mengimpan,menyimpan
langaung,langsung
admintransfer,admin mentransfer
siasia,sia sia
chetting,chatting
lgu,lagu
payahhh,payah
idea,idea
ben,ben
barangdan,barang dan
srta,serta
jha,ha
bllmexinv,bermesin
sedangkn,sedangkan
jalankantapi,jalankan tapi
tegassdh,tegaskah
laporkanpelapak,laporkan pelapak
aturanjualan,penjualan
kategorikategori,terkategori
part,part
kameraudh,kamera sudah
kale,kale
dtng,datang
pdahl,padahal
lwat,lewat
lajuti,lanjutka
rensponsifklau,responsif
berbelitkt,berbelit
kt,kt
blaplikasi,aplikasi
rekomendittong,recommendation
deui,dewi
bulsit,bullshit
sekalisaya,sekalinya
ngehubungi,dihubungi
bukalapakcare,bukalapak
hay,hay
kndalanya,kendalanya
plapak,pelapak
rspon,respon
pngembalian,pengembalian
bgnikah,beginikah
cranya,caranya
knsumen,konsumen
playan,pelayan
dterima,diterima
mash,masih
gemana,bagaimana
gnti,ganti
dipermudahkn,dipermudah
mncairkn,mencairkan
syedih,sedih
load,load
pangil,panggil
andmin,admin
bbmwa,bbma
transfertransaksi,bertransaksi
bisabisa,binaisa
laria,lari
sja,saja
yya,yya
menginstall,menginstall
bukalapakpelapak,bukalapak
nyalinperasaan,perasaan
migu,minggu
barag,barang
datag,datang
trasper,transfer
adamohon,dimohon
kjelasan,kejelasan
arfani,arwani
komfermasi,konfirmasi
pmbayarn,pembayaran
batasnyaapakah,batasnya apakah
poor,poor
comolain,komplain
handling,handling
kbetulan,kebetulan
pelapaktapi,pelacakan
elevenia,elevania
hire,hire
ngejengkelin,kejengkelan
hell,hell
earth,earth
gaes,guys
dengn,dengna
lapaktapi,laktasi
sayad,saya
emial,email
suksestapi,suksesi
adapadah,adalah
kmnakan,kemana kan
sayajt,saya
apkah,apakah
jawabuang,jawaban
dibukak,dibuka
kern,keren
knomor,nomor
aktiftapi,aktif tapi
bntuantpi,bantuan tapi
blrlxtop,braxton
dimudahin,dimudahkan
diribetin,diributkan
logut,log_out
lapakuda,lapaknya
kirimhari,kiriman
pesananmenyesal,pesanannya menyesal
lapakcukup,bukalapak cukup
omg,omg
notelpon,telpon
hadeeeh,aduh
gile,gila
abal,abal
cariangsa,hariwangsa
kta,kata
sndri,sendiri
yelfon,telfon
bllziinv,beliin
dpat,dapat
prodak,produk
grtis,gratis
lipatsama,lipatan
lipatmohon,pemohon
taaaaayyyyyy,tahanannya
onlaine,online
setiker,stiker
iih,ii
jancokkk,hancock
dobatalkn,dibatalkan
alsan,alasan
menyelesaikn,menyelesaikan
jancookkk,hancock
dikirain,dikira
payahhhhh,payah
onkir,ongkir
ks,ks
kibulin,dibohongi
gosen,gosend
pickup,pickup
sehariangps,seharian
gps,gps
option,option
sosmed,sosmed
viral,viral
akherat,akherat
woe,woy
kmarin,kemarin
sidie,pidie
qlesan,alasan
gosend,gosend
shittt,sitti
daftat,daftar
sekatang,sekarang
nyampepesan,pesan
menindsk,menindak
nyampek,sampai
sihktanya,sisanya
adahoax,adalah
gataunya,tidak tahu
gatau,tidak tahu
sekalidan,sekali
ngajakin,mengajak
disesuaikan,disesuaikan
pln,pln
sytp,sltp
syterus,seterus
keberatanini,keberatan
nunda,menunjda
privacy,privacy
kaliam,kalian
bohongin,bohong
posjne,pos jne
nyalahin,menyalahkan
even,even
dibanyakin,dibanyakkan
checkout,checkout
kosongin,kosong
alasanuang,alasanya
onlen,online
laen,lain
surveientah,surveinya
bagaimanasaya,bagaimanakah
sayasaya,sayapnya
bukanbarang,bukan barang
apasaya,apa saya
bingungsaldo,bingung
miskomunikasi,miskomunikasi
tutupbarang,barang
stocknya,stoknya
listtrims,listrik
cant,cant
delivery,delivery
rubbish,rubbish
sucks,sucks
lagikenapa,kenapa
bisatolong,ditolong
notifolasi,notifikasi
optimalpengecekan,pengecekan optimal
ngacak,acak
dudate,update
mengupdate,update
simply,simple
barangbarangnya,barangnya
dipencarian,dipencariaan
nurhidayat,nurhidayat
transper,transfer
sepohak,sepihak
pembilan,pembelian
bingungbarang,sindangbarang
tulisanya,tulisannya
huka,luka
alfariki,afrika
redeem,redeem
bisakarena,bisa karena
tpy,try
binggu,minggu
pallling,paling
prnah,pernah
transferudah,transfernya
bukalapaktp,bukalapak
bukalapaksampe,bukalapak
hilangmhon,hilangkan
blcare,bicara
plies,please
maksimalin,maksimal
mahckp,mahap
malesin,malas
bukaemas,bukaemas
skng,sekarang
sdrikoq,sendiri
dsruh,diminta
onlinebiaya,online
http,http
injector,injector
pekerjaanmusebelum,pekerjaan
due,due
lack,lack
language,language
translation,translation
text,text
makes,makes
uninteresting,interest
community,community
also,also
comes,comes
refunds,refund
bukulapak,bukalapak
will,will
loose,goose
end,end
fotoedit,foto edit
save,save
bebrapa,beberapa
paportkan,laporkan
beehh,beh
pulza,pusla
unt,unit
tmptnya,tempatnya
smart,smart
tips,tips
webinarnya,webinar nya
stlh,setelah
leeemmooooooooootttt,lemot
huff,huff
telaaaat,terlambar
krenn,keren
aktip,aktif
musingkeun,musungkeun
anjinggg,anjing
penipuankarena,penipuannya
iniyang,ini yang
berkataterimakasih,berterimakasih
tinglkan,tinggalkan
dekskripsi,deskripsi
banyakin,banyakkan
header,header
semanarik,semenarik
tabah,tabah
aplikasih,aplikasi
riau,riau
ngambilnya,mengambilnya
ho,ho
mosok,mosok
fresh,fresh
scroll,scroll
home,home
disamsung,disambung
edge,edge
sajasaya,saja saya
aplikasai,aplikasi
jamtetapi,tetapi
kemanaaa,kemana
adathx,adat
danamon,danamon
kluar,keluar
krannjang,keranjang
transferbarang,transfer barang
datanguang,datangkan
dompettapi,dompet tapi
dibekukanmohon,dibekukan
solusisaya,solusinya
cc,cc
terussss,terus
spearpat,stearat
motormobil,motor mobil
tanks,tank
dkasi,diberi
slmt,selamat
idul,idul
kirimmengecewakan,mengecewakan
kmbalikan,kebalikan
yyyyy,yenny
dibohongin,dibohongi
chatkirim,chairil
aplikadi,aplikasi
nerf,nero
rifal,rizal
zeuznya,zefanya
semuatidak,setidak
ribeeeeeet,ribet
bangetsedangkan,sedangkan
aktifmakin,aktifkan
ribetga,ribet
uiux,uiux
berfungsibeberapa,berfungsinya
bagusmenu,bagus menu
errorga,error
freshtapi,prestasi
barangkembaliharus,barangkali
bagusss,bagus
bangettt,banget
gapapa,tidak apa
fullbar,sulbar
malaj,malam
mhal,mahal
trnyata,ternyata
ngeluarin,mengeluarkan
spin,spin
roll,roll
huuufftt,dubuffet
variant,variant
poto,poto
sfesifikasi,spesifikasi
siph,sip
gerakin,gerakkan
diecast,dipecat
moti,mati
gp,gp
zarco,marco
petruci,petrus
vinalez,finale
folger,forger
clcrow,claro
valintino,valentino
rossi,rossi
marc,marc
maquez,manuel
pedrosa,pedrosa
jorge,jorge
lorenzo,lorenzo
andrea,andrea
ianone,danone
dovizozo,dominoo
borouang,berjuang
dkmbalikan,dikembalikan
dhubungi,dihubungi
bukalapakpembeli,pembeli
korbanjangan,perpanjangan
penipuaku,penipuan
hatimanajemen,manajemen
chatku,chatku
diblokirbukalapak,diblokir
yamohon,memohon
pernbaiki,perbaiki
trkirim,terkirim
jelllllekkkkl,jelekkan
miui,misi
sayah,salah
pelqpak,pelapak
ditmpt,ditempat
kalao,kalau
ahrrggg,arrgh
lemor,lemot
ajg,aji
akhirakhir,akhir
lapakitem,lapidem
backpanah,bayanah
psen,pesan
blmm,belum
penipuu,penipu
aplikasia,aplikasi
goblokk,golok
jnt,jne
customernya,customer
nombok,lombok
drill,drill
category,kategori
urusin,urusan
goblog,blog
hri,hari
dikirm,dikirim
pelpak,pelapak
bles,balas
gtt,gitu
bklan,bulan
barokah,berkah
yo,yo
tambh,tambah
diterimabsk,diterima
nyampenya,sampainya
papua,papua
yahno,yahoo
difavoritin,difavoritkan
sistemnyamasak,sistemnya
adakalau,ada jika
tulisselalu,tulislah
voucer,voucher
discount,discount
connection,connection
inipesenan,pesanan
yudi,yudi
setya,setya
ditipubukan,ditujukan
njelekin,jelek
manaapp,mantap
prnipu,penipu
tranper,transfer
cacad,cacat
pelapaknnya,pelayannya
ngrespon,respon
sempet,sempat
postingan,postingan
berifkir,berpikir
guys,guys
wadooo,widodo
lebaranbarang,lemahabang
tag,tag
parahhhhorderan,parah
jgaudh,jauh
kirimgmna,kiriman
lock,lock
stylus,stylus
fs,fs
setting,setting
dibayartapi,dibayarkan
kirimmending,mending
lohhh,loh
beteee,bete
taek,taek
barangny,barangnya
syolah,seolah
bner,benar
janjiny,janjinya
lapakbarang,jatibarang
nyampekkalok,nampakkan
gnisapa,disapa
blibli,blibli
lumyan,lumayan
ngehub,menghubungi
diem,diam
sayajika,saya jika
hariuntuk,hari untuk
features,features
need,need
improvement,improvement
last,last
terkofirmasi,terkonfirmasi
blumz,belum
onln,only
yess,yess
ag,ag
jsngsn,jangan
jelasdetail,mendetail
add,add
scrollbar,scroll
teroercaya,terpercaya
dinload,download
saldony,saldonya
ngebantuin,membantu"
